"chr","pos"
"2L",717904
"2L",3619678
"2L",3626842
"2L",3677068
"2L",3677671
"2L",3677681
"2L",3697012
"2L",3700094
"2L",3700229
"2L",4121034
"2L",4205154
"2L",4205444
"2L",4216128
"2L",4216230
"2L",4224432
"2L",4225022
"2L",4261164
"2L",4411033
"2L",4452205
"2L",4512000
"2L",4512256
"2L",4556671
"2L",4685492
"2L",4786286
"2L",4795311
"2L",4819567
"2L",4961389
"2L",4961492
"2L",4982750
"2L",4982795
"2L",5064871
"2L",5064965
"2L",5103037
"2L",5104168
"2L",5104177
"2L",5104181
"2L",5128655
"2L",5150365
"2L",5154686
"2L",5249350
"2L",5266568
"2L",5454639
"2L",5461510
"2L",5461513
"2L",6763703
"2L",6763750
"2L",6949509
"2L",6949510
"2L",6949904
"2L",6979686
"2L",9388336
"2L",10374901
"2L",10406795
"2L",10601715
"2L",10603678
"2L",10604704
"2L",10630083
"2L",11066133
"2L",11066160
"2L",11066197
"2L",15167102
"2L",15477352
"2L",15525515
"2L",15883369
"2L",15883377
"2L",15883414
"2L",17796996
"2L",17854314
"2L",17968248
"2L",18019314
"2L",20755190
"2R",1287812
"2R",2520190
"2R",2584817
"2R",2604229
"2R",3794385
"2R",5512379
"2R",6713864
"2R",12029203
"2R",12487074
"2R",12806243
"2R",12839453
"2R",12999084
"2R",13404130
"2R",13575929
"2R",13576679
"2R",13628519
"2R",13628630
"2R",13631724
"2R",13631740
"2R",13641711
"2R",13643386
"2R",13643496
"2R",13643665
"2R",13643779
"2R",13665419
"2R",13676455
"2R",13687034
"2R",13691093
"2R",13691120
"2R",13698707
"2R",13741208
"2R",13746741
"2R",13746828
"2R",13749904
"2R",13767014
"2R",13877145
"2R",13945860
"2R",13945871
"2R",14347547
"2R",14347579
"2R",14628287
"2R",14680748
"2R",14680751
"2R",14857157
"2R",15108011
"2R",15128906
"2R",15408690
"2R",16398161
"2R",16398187
"2R",18958736
"2R",19538888
"3L",21580
"3L",767627
"3L",1406442
"3L",1487906
"3L",1768629
"3L",2667902
"3L",2767882
"3L",2774671
"3L",2774848
"3L",4275842
"3L",4493895
"3L",5142657
"3L",10628223
"3L",13316039
"3L",14859241
"3L",14859418
"3L",19226664
"3L",19456801
"3L",22035381
"3R",5565315
"3R",5589932
"3R",5602156
"3R",5636650
"3R",5727767
"3R",6374113
"3R",7455715
"3R",7494612
"3R",7521409
"3R",7654262
"3R",7853387
"3R",7919405
"3R",8204768
"3R",12613098
"3R",15137746
"3R",18902173
"3R",18972155
"3R",19136597
"3R",19165514
"3R",19165797
"3R",19178448
"3R",19179918
"3R",19179933
"X",2824784
"X",3322058
"X",3322071
"X",3466021
"X",3466022
"X",3466042
"X",3467550
"X",3543437
"X",3735523
"X",3758355
"X",3784733
"X",3808745
"X",3852086
"X",3896422
"X",3944748
"X",3950164
"X",3973368
"X",3974036
"X",4047567
"X",4109950
"X",4653770
"X",4893670
"X",5042748
"X",5073522
"X",5213595
"X",5221654
"X",5423036
"X",5469949
"X",5527865
"X",5527871
"X",5527872
"X",5588305
"X",5679633
"X",6116581
"X",6279903
"X",6298033
"X",6532938
"X",6554972
"X",6655600
"X",6730860
"X",7003825
"X",7146711
"X",8478062
"X",8658095
"X",9134508
"X",9167594
"X",9935976
"X",9970531
"X",9970628
"X",10297470
"X",10350765
"X",10392568
"X",10505155
"X",11100328
"X",14610359
"X",14907226
"X",16604413
"X",16783919
"X",16876655
"X",18815765
"X",19860840
"X",19975373
"X",20181801
"X",20229606
"X",20308992
"X",20606028
"X",20657523
"X",20921133
"X",20943024
"X",20943062
"X",20943208
"X",21148301
"X",21225761
